CityName,CityPopulation
Astoria,200000
Brighton,100000
Mill Creek,100000
Nahant,100000
Edmonds,100000
Needham Heights,100000
Reading,100000
Clark,100000
Millis,100000
Burlingame,100000
North Scituate,100000
Concord,100000
Menlo Park,100000
Chestnut Hill,100000
Hollis,100000
Greenvale,100000
Brockton,100000
Albertson,100000
Fort Lee,100000
Sparkill,100000
Woodhaven,100000
Seahurst,100000
Hanscom AFB,100000
Redwood City,100000
Accord,100000
West Newton,100000
Newark,100000
Eastlake,100000
Wyckoff,100000
Fremont,100000
Roseland,100000
Arverne,100000
Livingston,100000
Edgewater,100000
Maple Valley,100000
,100000
Essex Fells,100000
El Granada,100000
Woodmere,100000
Oakland Gardens,100000
Kingston,100000
Melrose,100000
Hewlett,100000
Dover,100000
Newton Highlands,100000
Saint Albans,100000
Teaneck,100000
Half Moon Bay,100000
Inwood,100000
Suquamish,100000
Haworth,100000
Kent,100000
Larchmont,100000
Bronx,100000
Kirkland,100000
Holbrook,100000
Alameda,100000
Oceanside,100000
Mountlake Terrace,100000
Thornton,100000
Garfield,100000
New Milford,100000
South Boston,100000
Nutley,100000
Danvers,100000
SeaTac,100000
East Orange,100000
Mï¿½nchen,100000
Cedar Grove,100000
Ardsley,250000
Flushing,250000
Winchester,250000
Manchester,250000
Roslindale,250000
Norfolk,250000
Scarsdale,250000
Pelham,250000
Needham,250000
Mercer Island,250000
Kenilworth,250000
Kew Gardens,250000
San Bruno,250000
Seattle,250000
New Rochelle,250000
Brookline,250000
Bedford,250000
Sammamish,250000
Vauxhall,250000
Winthrop,250000
South Colby,250000
Pinehurst,250000
Avenel,250000
Nutting Lake,250000
North Easton,250000
Secaucus,250000
Peabody,250000
Retsil,250000
Arvada,250000
Roselle,250000
Haledon,250000
Newton Upper Falls,250000
Ridgefield Park,250000
Clifton,250000
Arlington,250000
Irvington,250000
Wayland,250000
Lawrence,250000
Woodside,250000
South Walpole,250000
Natick,250000
Woburn,250000
Howard Beach,250000
Dupont,250000
Middle Village,250000
Rockaway Park,250000
Island Park,250000
Des Moines,250000
Montclair,250000
Westwood,250000
Harrison,250000
Abington,250000
Boston,250000
South Orange,250000
Ozone Park,250000
San Leandro,250000
East Walpole,250000
Lynbrook,250000
Lincoln,250000
Henderson,250000
Mountain View,250000
Silverdale,250000
Daly City,250000
Swampscott,250000
Wellesley Hills,250000
Bogota,250000
Watertown,250000
Lyndhurst,250000
Sea Cliff,250000
Alpine,250000
Marblehead,250000
Sunnyvale,250000
Bayonne,250000
Burley,250000
Hastings On Hudson,250000
Medfield,250000
South Ozone Park,250000
Corona,250000
Issaquah,250000
Hillside,250000
Montara,250000
Jersey City,250000
Woodinville,250000
Rochelle Park,250000
Wayne,250000
Verona,250000
Brooklyn,250000
Belmont,250000
Jackson Heights,250000
Maspeth,250000
West Hempstead,250000
Saugus,250000
North Bergen,250000
Township Of Washington,250000
Idledale,250000
Lynnwood,250000
Babson Park,250000
Commerce City,250000
Hayward,250000
Golden,250000
Indianola,250000
North Waltham,250000
West Orange,250000
Bloomfield,250000
East Weymouth,250000
Roxbury,250000
Northvale,250000
South Weymouth,250000
Evergreen,250000
Maplewood,250000
Palisades,250000
Moss Beach,250000
North Billerica,250000
South Hackensack,250000
Paterson,250000
Roslyn,250000
Fair Lawn,250000
Orange,250000
Elmwood Park,250000
Roslyn Heights,250000
Closter,250000
Tracyton,250000
Roselle Park,250000
Hempstead,250000
Woodcliff Lake,250000
East Rockaway,250000
Elmont,250000
Wakefield,250000
Little Neck,250000
